FASE,TIEMPO_MESES,ROL,CANTIDAD,COMENTARIOS
Fase 1 - MVP,8,Backend Developer,3,APIs, integraciones, lógica de negocio
Fase 1 - MVP,8,Frontend Developer,3,Web app, UI/UX, comunicación
Fase 1 - MVP,8,Mobile Developer,2,App móvil complementaria
Fase 1 - MVP,8,DevOps Engineer,1,Infraestructura, deployment, monitoreo
Fase 1 - MVP,8,UI/UX Designer,1,Diseño de interfaces y experiencia
Fase 1 - MVP,8,QA Engineer,2,Testing y calidad
Fase 1 - MVP,8,Project Manager,1,Gestión de proyecto
Fase 1 - MVP,8,Product Owner,1,Definición de requerimientos
Fase 2 - Avanzado,6,Backend Developer,3,Integraciones SAP, Microsoft, automatización
Fase 2 - Avanzado,6,Frontend Developer,3,Gamificación, comunidades, comunicación avanzada
Fase 2 - Avanzado,6,Mobile Developer,2,Funcionalidades avanzadas móvil
Fase 2 - Avanzado,6,DevOps Engineer,1,Escalabilidad y optimización
Fase 2 - Avanzado,6,UI/UX Designer,1,Refinamiento de diseño
Fase 2 - Avanzado,6,QA Engineer,2,Testing de integraciones
Fase 2 - Avanzado,6,Project Manager,1,Coordinación de fases
Fase 2 - Avanzado,6,Product Owner,1,Validación de funcionalidades
Fase 3 - Premium,6,Backend Developer,3,Red externa, material apoyo, eventos
Fase 3 - Premium,6,Frontend Developer,3,Funcionalidades premium, optimización
Fase 3 - Premium,6,Mobile Developer,2,App completa y optimizada
Fase 3 - Premium,6,DevOps Engineer,1,Monitoreo avanzado, seguridad
Fase 3 - Premium,6,UI/UX Designer,1,Experiencia premium
Fase 3 - Premium,6,QA Engineer,2,Testing completo y performance
Fase 3 - Premium,6,Project Manager,1,Gestión final del proyecto
Fase 3 - Premium,6,Product Owner,1,Lanzamiento y validación final
TOTAL,20,,,Estimación conservadora para plataforma completa
